truck,platform,order_hosts
3Bros Burgers,Hatches Up,3brosburgers.hatchesup.app
A Good Egg,Hatches Up,agoodegg.hatchesup.app
Al Chile,Hatches Up,mexicanpinktruck.hatchesup.app
All Fired Up Pizza,Hatches Up,allfireduppizza.hatchesup.app
Amen Catering,Hatches Up,amencatering.hatchesup.app
Askers Pizza,Hatches Up,askerspizza.hatchesup.app
Azahar,own domain,order.azaharartisanspanishfood.com
BabTooma Express,Hatches Up,babtooma.hatchesup.app
Barista Boy Coffee Co,Hatches Up,baristaboycoffee.hatchesup.app
Beardus Burger,Hatches Up,beardusburger.hatchesup.app
Between Buns Royston,Hatches Up,betweenbunsroyston.hatchesup.app
Bonnefirebox,Hatches Up,bonnefirebox.hatchesup.app
Broadside Pizza,Hatches Up,broadsidepizza.hatchesup.app
Buffalo Joe's,own domain,vans.buffalojoes.co.uk
Build A Burga,Hatches Up,buildaburga.hatchesup.app
Cairo Van,Hatches Up,cairovan.hatchesup.app
Carne Street Food,Hatches Up,carnestreetfood.hatchesup.app
Charlie's Chippy,Hatches Up,charlieschippy.hatchesup.app
Clumsies,Hatches Up,clumsies.hatchesup.app
Crumbelievable,Hatches Up,crumbelievable.hatchesup.app
Cult of Curry,Hatches Up,cultofcurry.hatchesup.app
Dirty Fryer Boys,Hatches Up,dirtyfryerboys.hatchesup.app
Doodle Donuts,Hatches Up,doodledonuts.hatchesup.app
East Coast Pizza Company,Hatches Up,eastcoastpizzacompany.hatchesup.app
Eat Is Greek,Hatches Up,eatisgreekmk.hatchesup.app
Fully Loaded Fries,Hatches Up,fullyloadedfries.hatchesup.app
Goldee's Bagels,Hatches Up,goldeesbagels.hatchesup.app
Green Choy,Hatches Up,greenchoykorean.hatchesup.app
Gurkha Street Food,Hatches Up,gurkhastreetfood.hatchesup.app
Hot Bird,Hatches Up,hotbird.hatchesup.app
India Express,Hatches Up,indiaexpress.hatchesup.app
Kaya Thai Street Food,Hatches Up,kayathai.hatchesup.app
Kerbside Kitchen,Hatches Up,kerbsidekitchen.hatchesup.app
Kerief Catering Ltd,Hatches Up,kerief.hatchesup.app
Kushi London,Hatches Up,kushilondon.hatchesup.app
La Biga Pizzeria,Hatches Up,labiga.hatchesup.app
Ling Ling's Steam Kitchen,Hatches Up,linglingssteamkitchen.hatchesup.app
Mama Cook Truck,Hatches Up,mamacooktruck.hatchesup.app
Maya Street Food,Hatches Up,mayastreetfood.hatchesup.app
Meat Point,Hatches Up,meatpoint.hatchesup.app
Miam Miam Bakes,Hatches Up,miammiambakes.hatchesup.app
Morty's Focacceria,Hatches Up,mortys.hatchesup.app
My Thai Chef,Hatches Up,mythaichef.hatchesup.app
Nomadough,own domain,order.nomadough.co.uk
Optio Pizza,Hatches Up,optiopizza.hatchesup.app
Ovencraft Pizza,Hatches Up,ovencraftpizza.hatchesup.app
Pecoro On The Road,Hatches Up,pecoroontheroad.hatchesup.app
Perky Beans,Hatches Up,perkybeans.hatchesup.app
Phil's Pizza,Hatches Up,philspizzeria.hatchesup.app
Pigcassos,own domain,order.pigcassoscatering.co.uk
Pimp My Fish,own domain,order.pimp-my-fish.co.uk
Pizza Lola,Hatches Up,pizzalola.hatchesup.app
Pizza Mondo,own domain,order.pizza-mondo.co.uk
Pizzeria Gusto,Hatches Up,pizzeriagusto.hatchesup.app
Prad Thai,Hatches Up,pradthai.hatchesup.app
Redhead's Mac 'N' Cheese,Hatches Up,redheadsmacncheese.hatchesup.app
Rice Kitchen,Hatches Up,ricekitchenncl.hatchesup.app
Saf's Kitchen,Hatches Up,safskitchenmk.hatchesup.app
Savannah Smoke & Grill,Hatches Up,savannahsmokegrill.hatchesup.app
Smother Spudders,Hatches Up,smotherspudders.hatchesup.app
Snackwallah,Hatches Up,snackwallah.hatchesup.app
Sole Luna,Hatches Up,soleluna.hatchesup.app
Spice & Rice,Hatches Up,spiceandrice.hatchesup.app
Spudalicious,Hatches Up,spudaliciousuk.hatchesup.app
Steak & Honour,own domain,order.steakandhonour.co.uk
TEXBBQZ,Hatches Up,texbbqz.hatchesup.app
TIKKA TONIC,own domain,order.tikkatonic.com
Taste of Cambridge,Hatches Up,tasteofcambridgefalafels.hatchesup.app
The Bucket List,Hatches Up,chipbuckets.hatchesup.app
The Funky Pickle Co,Hatches Up,funkypickle.hatchesup.app
The House of Dough,Hatches Up,thehouseofdough.hatchesup.app
The Koalaty Bakery Co.,Hatches Up,koalatybakery.hatchesup.app
The Pizza Pod,Hatches Up,thepizzapod.hatchesup.app
The Pizza Rocket,Hatches Up,thepizzarocket.hatchesup.app
The Purple Pepper,Hatches Up,thepurplepepper.hatchesup.app
The Rub BBQ,Hatches Up,therubbbq.hatchesup.app
The Yeerologist,Hatches Up,theyeerologist.hatchesup.app
Toni's Souvlaki & Gyros,Hatches Up,tonissouvlaki.hatchesup.app
Warwick Bridge Corn Mill,Hatches Up,warwickbridgecornmill.hatchesup.app
Well Nice Food,Hatches Up,wellnicefood.hatchesup.app
Yum & Bass,Hatches Up,yumandbass.hatchesup.app
Zaket Potato,Hatches Up,zaketpotato.hatchesup.app
